"","Node_1","Node_2","Node_3","Node_4","Node_5","Node_6","Node_7","Node_8","Node_9","Node_10","Node_11","Node_12","Node_13","Node_14","Node_15","Node_16","Node_17","Node_18","Node_19","Node_20","Node_21","Node_22","Node_23","Node_24","Node_25","Node_26","Node_27","Node_28","Node_29","Node_30","Node_31","Node_32","Node_33","Node_34","Node_35","Node_36","Node_37","Node_38","Node_39","Node_40","Node_41","Node_42","Node_43","Node_44","Node_45","Node_46","Node_47","Node_48","Node_49","Node_50","Node_51","Node_52","Node_53","Node_54","Node_55","Node_56","Node_57","Node_58","Node_59","Node_60","Node_61","Node_62","Node_63","Node_64","Node_65","Node_66","Node_67","Node_68","Node_69","Node_70","Node_71","Node_72","Node_73","Node_74","Node_75","Node_76","Node_77","Node_78","Node_79","Node_80","Node_81","Node_82","Node_83","Node_84","Node_85","Node_86","Node_87","Node_88","Node_89","Node_90","Node_91","Node_92","Node_93","Node_94","Node_95","Node_96","Node_97","Node_98","Node_99","Node_100","Node_101","Node_102","Node_103","Node_104","Node_105","Node_106","Node_107","Node_108","Node_109","Node_110","Node_111","Node_112","Node_113","Node_114","Node_115","Node_116","Node_117","Node_118","Node_119","Node_120","Node_121","Node_122","Node_123","Node_124","Node_125","Node_126","Node_127","Node_128","Node_129","Node_130","Node_131","Node_132","Node_133","Node_134","Node_135","Node_136","Node_137","Node_138","Node_139","Node_140","Node_141","Node_142","Node_143","Node_144","Node_145","Node_146","Node_147","Node_148","Node_149","Node_150"
"Discovery_1",-1.20166844249376,0.29954872598069,-1.0759283370869,-0.310850252108294,1.00479796910238,-1.38439003983202,-0.639806774321059,0.784442660704283,0.41852676526646,-1.04431092344112,-1.20544339175448,-0.884963842844007,-0.028612735943445,-1.87388381174015,-1.00714508909505,-0.336950192585842,-1.20174012286495,-0.874768601816613,-0.955135491330105,-0.457974340700575,1.06143281345015,-0.257878281515724,-0.363839328943455,0.67710304741592,-1.0634133351879,-0.0977842568120839,0.309592799475299,-0.526280865507156,-1.71096800912599,-0.0872176254036721,0.432971349630902,-0.574109945477676,-0.190438783384302,0.156510920624446,-0.178726599356123,1.05437879136851,0.669247218638318,-0.900147752046334,0.870988939175799,-1.2296784943931,0.292905026440441,0.865115906548476,0.00774193387111686,0.0138385826340012,-0.483708641924274,-0.149413134567996,1.50528910317216,-1.66740055485208,0.635605331445005,0.895391532649698,0.542439742797156,-1.26529642832383,0.558398139880168,0.0414296196697256,0.0360066674087202,-0.345994617135048,-0.0516035017890661,-1.50897263303658,-0.212007910734814,-0.340394076884653,-0.244023628858163,-0.969774814609691,0.577129810404221,-0.063986104972857,-1.82538274041806,-0.465372760475323,-0.74981977240812,-1.33143050154194,-1.5134544196026,-0.950067303789962,0.0145691712345418,0.518678507561015,-0.650523836375089,0.761411976438588,0.689581890593721,-0.780632899874972,-0.035768770543689,-0.724126965854759,0.545979382595048,-0.911079607910625,-0.569286918843085,-1.00547659605051,-0.910587061646,-1.35124370778019,-0.374773452496057,0.324040138770576,-0.686507919948684,-0.0962434883388888,-1.73551551225515,-0.839023320528621,-0.688861990152494,-2.03399892997938,-1.65672592433731,-0.593982378893712,-0.610049349437975,-0.761470882319294,-1.09885450397693,-1.02994308548161,0.226155549833491,0.0287435962559261,0.199657070630055,-1.38927260252629,-0.7222018831496,-1.76031649864415,-0.911408743745776,-0.598470685799764,-1.01626462926245,0.291232496764021,-1.25724600129538,-1.7697316227116,0.650911274154589,-0.278882276067153,-0.569543849859892,-0.694263550498059,1.01815165740836,1.41925375237905,0.00839515069514092,-0.117188221568287,1.39234060715942,0.758760450668381,0.627563087676687,-0.685708913346456,-0.946121203391867,0.506626913440079,-1.30532588312453,0.295725644556706,-0.109196670454899,0.712610898339576,-0.760207697007708,-0.274457757518752,0.413840522365115,-1.19013608696225,0.299802456627098,0.837255039074413,0.160325817260994,-1.28844660994508,0.427558493252857,0.195351196354416,-0.261534356757919,-0.138947008274737,-0.0665240854481087,-1.74707755260324,1.25732631744626,2.07498300107125,0.449836612175435,-0.54379602762707,0.142070900013241,-0.110080593473422,0.837397551850189,0.261744471768392
"Discovery_2",0.583955337613441,-1.66748377322528,-0.764815411108344,-0.188153300374363,0.735255094953671,-0.204896907026047,-1.32271343186402,0.553209395949449,-0.149296250013475,0.11824130206255,-0.116015660206543,-0.676975070685984,-0.63486003290178,-0.0877979455462273,-0.844879915132673,-0.634834039734292,-0.843838169729695,-1.09917205626156,0.591647797764907,-0.528220886060925,0.198151428836109,0.46275326428915,-0.0449425658309659,-0.554309876088065,0.151559658487523,0.297349661932314,0.563033191084971,-0.919063485918313,0.901838822738262,-0.502227942475091,1.14254169155992,-1.73270907970783,-0.341927617147231,-0.618353471347717,0.171506464674157,-1.68234662174084,-0.528781552471846,0.559074447425099,-0.0410765449309847,0.358875475909164,0.502287741730889,0.831254859652238,-0.547157183582044,-0.257219916296746,0.0929646931836939,0.174796751778768,2.07825557404657,-0.894380750130331,1.35174974559156,-0.54329335748482,0.367620375532226,1.13939999891143,1.33732778087308,0.37988902389391,1.81578363246159,0.765785271663884,-1.05295943729435,0.121164245037594,-0.00514718576700342,-0.374596007367978,0.76331351942519,1.40965740985968,0.502274486162405,0.239820238585619,0.191450054536679,0.978023847042641,0.959367237788424,0.519754591458888,0.994664173003197,0.118197323892352,0.290976367744511,-1.81730540011237,0.813280932859673,1.09419573862055,0.417026419957165,-0.35740854530241,0.782829185886521,-0.643675718309335,1.0946267440132,-0.138374626757007,-0.467572537552,0.96592774524833,-0.332689241158281,0.834784894889174,0.0878782414692503,-0.455409465122873,0.493678028594432,0.0919071548135522,1.49847088062488,0.320130803165904,0.120622435645486,-0.279096201965152,-0.0413360888159083,0.960603108568336,-0.996137260294712,1.22227798187316,-1.6820540526671,0.749356330865787,0.0847259457907041,1.35392114873894,0.983981861302668,1.60399420253087,0.607776572218014,-0.0996093030307983,0.789119147054733,-0.360671179923457,1.04866068173043,-1.06082447879688,-0.321583313385344,-0.11230160092365,1.81349394741289,-0.00437215033321881,-0.239270253331326,-1.61233533488089,0.463570685392292,-0.317000576518972,0.622834961326068,0.758154199326544,2.23011663518533,-1.68725496978949,-2.52869733910102,0.582673728058846,-1.44672004760111,1.45292527134089,-0.892973119131855,0.578291969573811,-1.09940706573779,1.14384732113185,-1.55191441961989,0.902963520444086,-0.879382012382823,-1.04408122381149,2.41628940835201,2.75059952192836,0.585858899632184,-0.779338052823622,-0.0733991613247693,-0.705218293523585,1.39811446236348,0.0934081274185319,0.396631397783883,-2.59305294935134,-0.1571864769991,-0.606735317114519,0.895354170150786,0.906362702277583,0.365399647034551,-0.857790202089488,0.538233337185697,1.99175092758865
"Discovery_3",-1.56744496447189,-0.345555080780677,-0.85144022076565,-0.296839312465635,0.212036626796597,-0.35908756799574,-0.0944218126308848,0.129464017664994,-0.714067880226383,0.423074002927263,-0.427519703806641,-0.129680409474308,-0.67499747707451,-1.09253684465852,-0.57056997852088,-0.388038689428216,-0.0394383547628069,-1.14328396703165,0.565866647408211,-0.708004678949076,0.602682370924814,-0.00559908520991116,0.386291959603823,-0.567022054758817,0.569896770467541,0.0031404696529506,0.386501974428118,-0.402376370068592,-0.624061153323069,-0.0626219563792572,0.368356983336933,0.267852553367672,-0.54929724868083,-0.59815825636315,-1.02852427777212,-1.20302278518587,-0.074517168190712,0.103347233146171,0.416147768314687,-1.98655552330288,-1.01169514308114,-0.0871528942805807,-0.497675677964965,-0.300103476247062,-0.261288413778237,-0.651910734484648,0.396345328498632,1.34691571599742,-0.862469957624117,0.761950950719925,2.12743429662191,1.08730721057464,-0.476569238198288,1.10527577098457,1.7219475717325,-1.10131584502192,0.847829926632658,0.559380491842334,0.420565169028691,0.796554462526496,1.91627017400623,0.298523470284102,-0.399597360475449,0.401632779698531,0.990023162924903,0.469311174927023,-0.402264018939504,1.51827388393997,1.2632446131716,0.775641233049243,1.39692871677299,-0.0467082656268408,0.829074265075866,0.11225000467808,1.50003488979023,0.69631905795946,-0.0120323866513815,0.941950105483158,-0.0376532597407453,0.825118846590008,2.56773319292895,1.55516844116056,1.51026676540169,0.743980847539054,1.68233513266217,1.71382153584202,1.20249518000451,0.961750866858526,0.712621364667664,0.994190458263049,0.662064990534911,1.31897171045321,-0.791128071044803,1.33504516990483,2.00738206166759,-0.00434141650475565,0.77344084635644,1.49955302592854,0.648803280900801,-0.0747643999740718,0.319133402490133,0.845438819975947,-0.28661607384942,1.37943381302681,0.994444961783686,0.489973281077879,-0.503646967844027,0.249420915146493,1.37490864186627,1.65750421567661,-0.206089326899601,-0.530533210015476,-2.2251040692524,0.410935238113071,-0.952425097346949,-1.33404468850441,0.41013061624665,-0.915698097180084,-0.716521219528273,-0.694745165923815,-1.17280550547399,1.10109315023672,-0.536693692985487,-1.38363001012523,0.158088936910984,-0.613347261506314,1.04730847509325,0.266177944405423,-0.335851049853808,0.663091210243999,-1.08719338094218,1.27567434202644,0.697092665018514,0.00959788168369104,-0.773470956458849,0.701834437648871,0.248851560141385,-0.787914215530885,-0.54154260473143,1.67306196891896,0.45931974085347,1.53383746063583,0.514776360754209,-0.514853212223204,0.93113342570586,0.493120468116674,0.271136238986937,-1.15965188798482,-1.32750309236002,-0.929934035558054
"Discovery_4",-0.549760349370101,-0.313277072283192,-1.15454217400317,-1.23587385041279,-1.07181594087914,-1.41128955905119,-0.771557171401671,-1.31888881810723,0.314429879749184,-1.30922186793004,-1.15245592018789,0.0603985089879399,-1.26358665022443,-1.01204956182736,-0.779609570222875,-0.595306816474276,-1.29796855186009,-0.899746200625821,-0.54168231446964,-0.744962006353319,-0.551410181652178,1.95734984787349,-2.21552616253912,0.642531189643114,-0.9957061416262,1.65063861814961,1.89659902781708,0.931242524453135,-0.472418366824906,1.2316565701289,1.54916489727026,-0.275706661263149,-0.973654726491803,-1.12319736667704,1.43848050282858,1.48900417273565,-1.48904029434021,-0.168538732510939,0.534669152382394,-0.263480878715185,-0.504651407047654,-0.42536797285941,1.51179173312475,1.39671823333147,-1.09506034470829,-0.731452249659672,-1.53094377796429,-0.62752364347945,-0.444965835609388,-0.591485474959648,0.241853241341256,0.889139561117625,0.823812325601643,-0.395025618209424,-1.69341852288277,-0.0293934842744775,-1.53991413081476,-1.5481099067436,-1.04346945521737,-1.55356149737557,-1.14525471554678,0.932706445134214,0.843477219512908,-1.91596702505339,-1.95793789962103,-0.317609146263642,-0.787707040462876,-0.352956490080067,0.668879617020357,-0.857784642156164,-1.5141674512362,-1.63862947459155,-1.1369732394751,-0.993365046295179,-1.24419688264406,2.32606830686005,0.576218075893052,0.182317650762632,0.624244876889688,0.27192663527023,0.0927029397284601,0.238885535577316,0.296721645142358,-0.610619377198317,0.974578137646589,0.515181874440962,0.605992442905056,1.13043982537584,-1.02647534496582,0.319522727599657,0.184901443768338,1.11160120436275,-0.732779635931827,0.574123985986266,0.741333953534211,0.244428354098412,0.0401526392498445,-0.735741487772073,0.344905516162596,-0.647248742167584,0.64833136167039,-0.245222966556153,-0.240661462949828,-0.0565945633164542,1.53284244891422,-0.303708707004566,1.39076748813631,1.79350606997253,-0.424810127196633,0.25402432378972,0.295602739973482,0.606334547533458,-1.94089586177244,0.699195717819233,0.348114487584161,-1.37657213740302,-1.59236253784297,-0.367637294404779,0.926587503741864,-0.90760576685243,-0.464795451125661,-0.0859822229183456,1.03063169830873,-1.3610216560497,1.64391491245469,0.655729551780823,0.987171614639657,-1.28895758876404,0.322153486908823,-0.396221682368118,-0.384079703417456,0.290817642909285,0.17710010582381,-1.2170566176815,-0.394077222808627,-0.311785563234679,-0.767224251058465,-0.471940487951154,-0.0220231277518734,1.01127674546794,-0.00584143516876602,-0.388631912365073,-0.550094734708892,-0.269206728313839,0.114846732039258,1.19377998862886,0.986197123517313,0.0780826239720109,-1.83945803531061,-0.10602813598059
"Discovery_5",-0.729499609622267,0.0256032590540327,-0.848364487944102,-0.30533986977102,0.175612914242873,0.283452824490822,0.107440156328312,0.897485416174369,-1.82589714729904,0.367971977207987,-1.01727843337036,-0.142708364687128,-0.418324078261114,0.397815627297978,-0.0946929518169394,-0.631034620142768,-0.456803615570767,-0.457091810338522,0.334343236502402,-0.587438884844637,-1.97517354419994,-1.06324703707534,0.369975532400835,-0.863146497280808,1.83233950793512,-0.707202778422761,-0.612992649307777,-1.02148446284118,-0.408745998444545,-2.11528656592936,-1.79503164153234,-0.517411413161716,0.235943102756818,-1.53807364110727,-0.914807668460868,-1.57809876745089,0.827399261218235,0.136742332933758,-1.03380979888318,0.512638229923747,1.02501906503839,0.752705799235461,-0.828406399932078,-0.712013799781851,1.43028307164534,-0.366568608790594,-0.855250748211449,-1.52837235571613,0.107040993444274,-0.251690776938099,-1.5528722996404,-1.28877446708161,0.761216667611293,-0.191797878510196,0.133463934227774,-0.117107016722505,-0.438204816014158,-0.716022252239974,-0.393007006752593,1.17903322423604,0.615250393731485,-1.70848134106256,-1.36287837966238,-0.00165258859792385,0.63529381801131,-0.00480654665963143,-0.372881233213723,0.50090425183804,-0.573501513938159,0.377391265901053,1.59874807438126,1.49915684873593,0.206896068094225,-1.32857813251952,-1.61732879408922,-0.785416644944133,-1.58707969610072,0.00608274383813874,0.464546517599137,-1.11897706803009,-0.745103550564147,0.527721615125621,-0.711578059420037,0.138395891215701,0.673818741688612,0.254028219885345,0.611642100867168,0.419867363476652,-0.844765347495097,-1.05390045590496,-0.383117345649683,-0.122470017448881,-0.29372217901459,0.136925929546047,-0.152388735964978,1.06084155685351,0.280694079032401,1.03289654508979,-0.677061348312883,-0.253642774708757,-0.626810923471137,0.407248788992252,-0.13807795707472,-0.124660299454348,0.596309929231481,0.335409735566709,-0.00263521297849509,-0.013271888938661,0.542298282182775,-0.768150289183135,0.947149983995123,0.38841521721496,0.855972121963505,-1.55526477766068,1.18109328997645,-0.560409769609456,0.393980508189933,-2.40456989511197,0.0752373647767342,0.015719108290695,-1.03060431329749,-1.5081004007749,-1.05301247362583,0.751169712561607,0.511428126598756,0.0714072775739229,-1.02296330258208,1.43909642851043,0.995931115818626,-0.8587015248139,0.170635409834284,-0.572023068503349,0.460202828320872,0.483359967349805,-0.308675426914736,0.272292186346575,0.504269080922098,0.185561288102765,1.78615476010344,0.99425739937273,3.12779777104419,0.0868574535037237,-0.229988494929506,-1.01533373290539,-0.268256778805145,-0.00650661812872322,0.699954892968883,1.25226294316831,0.0522684966431027,-0.512779918421614
"Discovery_6",-0.297619484285214,-1.8613161076025,-0.905766898589225,-1.35599533224543,-0.423042286669225,-1.26376993922143,-1.54270625801893,-0.248314985458624,-1.26253188403861,-1.69775152952983,-1.42392961142348,-0.365627822451373,0.047597989598018,-0.985516110184734,-1.07929286748185,-0.953355265888115,-1.30617966765709,-1.24588690701273,-0.626127852819136,-1.95281285961954,-1.28295042755653,-0.693295887928739,0.534499452734398,-0.0794012074459738,1.18663876770182,-0.439120499183128,-0.0835620112281657,0.0129894947618245,-0.517284835947227,1.32697439917458,0.0880651554389589,0.929062931580937,-0.0683297692908438,1.17040275728599,0.502868297774691,-0.437723636344238,1.59497106795311,-0.00601114561218115,0.545155220860671,0.791604748554052,-0.157794542020604,-0.0343102270307303,0.108021056565455,-0.623711056032442,-0.471182776012462,-0.951690155980693,-0.347773711731612,-2.06588376833518,-1.7722160180941,-0.462217067665027,-0.26927627780114,-0.753279386400548,-0.434175435689878,-1.58579434992774,-1.04177147792671,-1.11584228242428,-0.889118085915132,-0.0303798776178731,-1.6708034832945,-0.747694438790421,-0.0977832130776183,-1.75082450151004,-0.740038514646756,-1.46355090018681,-0.113803194103318,-1.85431344152948,-1.58163270812965,-0.23654277293615,-1.50445765312974,-1.10106136623572,0.432476288136655,-0.60251267421072,0.104294256906053,-0.00694141742913898,-0.115586997297775,0.203604709180161,-1.27050337391814,0.720788192469627,0.696237170757329,0.198418633970986,0.112406589721471,0.654474578602619,0.0246311894314276,0.242064541385708,0.634405845010789,1.01849874006038,0.0491477108586441,0.288508496575176,1.00338557106299,1.3113725887349,1.2091860702166,0.612148099209251,0.325191074361062,0.304225578752748,0.495852980914613,-0.203766311960358,0.641904464994032,-1.40728580724125,-0.0107415847002395,1.11311684349226,-0.234047636745491,0.589212948793695,1.05687968058596,0.115032721395928,0.89700543601191,-0.171424235934463,1.04125982254207,0.261212393403873,-0.0138363019555892,0.925201247837078,1.23879858915087,-1.1189971465973,-0.11854497445098,1.86239271999334,0.269534793570208,0.322195570544732,0.612932051491882,-1.03790819091736,0.189283184918212,-0.224616665577979,0.197421955805373,-0.771471963971731,1.30380590059661,-0.0941744232165716,-1.98571298750417,-0.40780919944344,-0.405147460184154,0.420885505360692,-0.783810177444451,0.468068252064668,0.0836909466335072,0.155597417660359,-0.338093638599462,-0.207091360183679,-0.140937031784451,-0.987487382637892,1.22843452252191,-0.490950035495173,-0.213376552661087,0.619451272989164,0.312006468975421,-0.643435984404275,0.189150994542221,1.89948377528954,0.831554596352779,-0.787320420320221,0.745644754254297,-0.152423966134051,0.434521827882605,-0.710289034376433
"Discovery_7",0.0039178858746648,0.535855558251549,-0.0216153988856195,-0.415720139512846,-0.586122013270272,-1.02808639203042,-0.860247560790669,0.748087783253748,-1.10667017412834,-0.61284726230756,0.663122912679868,1.79234231031703,-0.666476798213786,-0.409547557079006,-0.346495307000424,-0.208016471374525,-0.862010863428533,-0.576590388587631,0.163867012545209,-0.116119377670856,-0.722178648585125,-0.215515362834335,1.33426998616979,-0.956096205638566,0.755919448909936,-1.05137221494888,-0.90423120288622,-1.85484229325214,0.614227188542007,-0.422609377147811,-0.488381995276256,0.787144423451809,1.71877067544673,-1.05925287963897,-1.53076635650168,-1.17951365130432,-0.779293698787704,0.781730924597606,-0.023531877241231,1.05923524321924,-2.11033047310164,1.57709065142311,-2.01322167517337,-0.369702444111226,1.11420941483102,-1.00139928953313,0.433548525734972,-0.249112972903708,1.63391150672098,0.0418130830645042,-0.317603306969228,0.0783270937113064,0.528239588619322,0.0692039727346346,-0.233363482951076,0.251403188167446,-0.504117236908233,-0.167505817908851,0.0489729896797065,-0.68316275111679,-0.517195787731273,-0.442194359168943,-0.0512961034595637,0.683529392973196,0.353809136719451,-0.62974757711874,-2.06780525101271,-0.763735939998151,-0.178720399740241,-0.341813546412618,-0.966583899835891,0.937361830984983,-0.781764472680861,-0.561541518008024,-1.00284112784989,-0.37157188808599,0.330722721721777,0.648406755649875,-1.16090406314963,1.15745861849182,0.143185678592668,-0.658108369181098,0.54152032145379,1.21204917050997,0.831457183688845,1.3393450372672,0.670387032442623,0.594125268575271,-1.19514742469058,-0.439131049286327,-0.15562411970951,0.612090044483111,1.02433586366861,1.05670400286905,-1.28066302227642,0.0949951352800447,-0.340940886143089,0.632041396149902,0.107624757508364,-0.493621973436355,-1.00937488929797,1.66381972546597,-0.346377494411485,0.027279761111351,-0.136149724445668,0.596843755531017,-0.293365205911589,-0.75109853779888,-0.94581536469664,-0.29689810960853,0.659533461661048,0.747379709491306,1.50887739709593,-0.71519053928926,-0.274131694595639,-0.354468246482553,0.285934272579505,-0.910194163106398,-0.0634348654033783,-0.0799290457958474,-0.153798156558214,-1.31739550671391,2.39829492603869,-0.500419481340841,-1.01022734646555,0.129914641264014,0.651516709228113,0.349183773293095,1.85215164857207,-0.307205678974337,-0.5656218328957,-0.535818942941524,-0.268759589149746,-1.17034968827449,-0.941326385514148,-1.50902829734388,1.03587785083783,-0.0874869834354313,0.403639283954346,0.557648335410302,1.63308617417503,0.159681050779677,-0.315594546574498,0.273781472547228,-0.690592452959928,0.875920775882981,1.35765420439202,0.278984211012804,-0.135516615165316,-0.901740383893315
"Discovery_8",-0.719608413313304,-0.420840489256058,-0.13503794671641,-0.668766665506778,0.685748939882869,-0.15605742636557,-0.486549668093078,-0.336601328457066,-0.437953742837296,-0.219066195861552,-0.205123725209826,-0.327544747132088,-0.557155709945916,-0.411677736018851,0.244510353179189,-0.282559850589949,-0.244225745904511,-0.00755873460413839,-0.334229717488606,-0.240575154605391,2.38461771866886,-0.446217025045928,-1.82137950831174,0.988770603777092,-1.63969387373828,1.03755795551588,0.974424158932212,1.32724949709613,0.48703896917249,0.89162673525859,-0.285659411687889,-1.69322079622611,-0.722439020654495,-0.24297287249755,1.3273851337426,1.33125205698135,-0.361045402627534,-0.185103777076167,0.344908981335553,1.59919860782024,0.571695025349377,-0.946945724472808,1.54275914508502,1.81384676561311,-1.80740156286997,0.114975043572318,0.120364568440915,-0.0367832286381789,-1.39819250879951,-0.750563801166584,0.453531956986276,0.545769676725452,-1.08609714188965,-0.363528603641445,0.227669007969016,-0.75516007020188,1.21757330711211,0.885694095509792,0.568684958689283,-0.420583746394755,-0.530710549809123,1.28763037545033,-0.394270093893376,-0.941741126537696,-0.217448009879201,-0.15439705606775,0.415547016733082,-0.850437116490445,1.11345362385602,0.229833920908753,-0.525959669947179,-0.397905473773617,1.54944541523917,0.0181388986819647,0.187862689652534,1.34190789293328,1.23813433131331,0.958576550048676,0.366681014198691,1.02773830642256,0.775787689536629,-0.23362632263397,1.66184857953994,1.12236988417997,1.28414437617901,-0.1665705040478,1.0839383909248,1.68636123335318,1.6608976178823,0.947949821759587,0.712401805592476,0.753816793486918,1.60722647309454,1.62670070504305,1.02668372106295,1.24821312714483,1.98667564061035,0.882980920965742,1.25599962483469,2.32204050441791,2.94949998941243,0.175418222177182,1.87646717608062,1.65247961823182,1.3195926788524,1.05950588008992,0.628499030469551,1.67861357301536,0.922691699513853,0.728217262062666,0.485014761472238,0.167259582424699,-1.65651981924112,-1.37620114943081,0.447329667336068,1.22492806018363,0.72602470370046,-0.799105318986594,0.554821639925786,1.19426093814324,0.333515042720299,-0.0720240593424213,0.00404966366344518,-0.057246982436332,-0.703559573403485,1.230883589971,0.329439505943739,1.69906043259039,0.35623722174224,-1.54573344347954,0.231841169406212,-1.28460006066417,0.0322235566813035,-0.365671844101533,-0.766544650841671,-0.0232106411268414,0.211790447867579,-1.2943107763989,0.243608509630482,0.251421750851346,-0.518027235215477,-0.686524499919666,1.47753905828681,1.74719000719962,0.0912422966553566,0.327097521650826,0.349612964013197,1.73557162504489,0.623604831809735,-0.786975304474453
"Discovery_9",0.904295171227233,0.363540336684415,0.108333694654801,-0.156466408588277,0.37388346356213,0.214759958047567,-0.351405276348324,0.602049332252904,0.378789671067185,-1.53277963637033,0.384120461207419,-0.921121456158754,-0.654829698849721,0.929198512712978,0.466418761992614,0.00985579099632012,0.644173038982315,0.844943212237624,-0.234345803563046,0.229356269856125,0.169634110851297,-2.07234498312696,0.708124050570901,-0.878944645550819,1.71374933662738,-1.0749628724528,-2.31878934395799,-0.20478730965912,1.23726833210853,-0.208662830244891,0.866492333376886,3.00943621989935,1.48488358840997,0.416604689374764,-1.68870993002769,-0.678490683852045,1.61296257634419,0.0198594567952795,-0.168266112676759,0.866596217303378,-0.681631133017326,1.45245304080841,-1.0398824729963,-1.1942415016565,1.39136842425892,-1.05375422903079,-0.609675334173654,0.0635213484417577,0.384547399145719,-1.82384155868636,0.285979278454054,0.214381775846721,-0.157609759375863,-1.23172662736695,0.749673824127052,1.65818586338947,0.0183533043796965,0.154573101586593,0.119826766359732,-0.20062327759081,0.0851404018505461,0.775067677096395,-0.962761774479271,0.29979891234171,0.939786210686851,-1.16499801171188,0.200896788011323,0.187659141467182,-0.852864896784802,-0.848056412519702,0.176593772390117,-1.57397113219555,0.0604314493988827,0.303350924500553,0.22945355880262,0.0694875122047398,-1.03981698826928,-0.265658292388953,0.946931937070529,1.11431707604729,1.47010843066504,-0.43302883739545,0.229447685731213,0.430205987396904,0.165101788869948,0.352925844970799,-0.104291202798917,0.1195778086203,-0.126539510453402,-0.601724086408321,0.492724134623096,0.777424310418654,-1.77738266903636,1.84118338216869,-0.648044830794479,0.88059321289876,1.56373556840524,0.140860595826782,1.7194345927974,-0.955383317406007,-0.661182588435958,0.691798451791643,1.26895649626653,0.719728723134557,-0.53426724591607,0.88973238307769,0.139869343894155,1.04669642537537,2.32508631535649,0.650851349113468,-0.94811953799857,-0.254413710429518,0.243043799842294,-0.415457680827044,-0.940623332554969,0.128987500832662,-0.120081271733738,1.56439122030455,-1.32292837078797,0.238106512106993,1.02636692756668,-0.383540666016037,0.693629127188103,-0.706102175744748,0.192284821509265,-0.213952577398329,1.07244745749206,-0.9479761573473,-0.54974869764144,-0.653306131989487,0.191199505090604,1.50410710418533,-0.634686603660326,0.920492565184304,-0.448780633198547,0.06741695317847,3.12483786127093,-0.446557804133535,-0.501418382671587,0.788339676319752,-0.533676678858875,0.246758392581989,0.441407549524379,0.185575659993358,-0.0823150095905622,1.90748691114039,1.60480846632546,1.00676906894146,-0.292463486922391,-0.816590631821952
"Discovery_10",0.649779016787059,1.68450758579517,0.986337550201365,0.594863838947742,0.325850921531258,0.990481458035153,0.351885334829804,0.171121527050412,0.0449661231236758,1.19669680368558,0.476479258088202,1.10241595848233,-0.670734417786694,0.402642635332672,0.652869323410865,0.945750602273809,0.774833920453075,1.69231779739953,0.4926679819825,0.755761050828702,0.568234995747815,-0.96510590529004,0.599941359274218,-1.33717953265414,0.165813157088415,-0.737036110803901,-1.44426697750002,-0.737558024437599,0.878988849677084,-0.907770551852802,-0.444794580859575,0.722146505653675,0.859738381832837,0.626383128415857,-0.492297913543376,-0.321484379543125,0.562110206861603,0.918003089737484,-0.141579362773069,-0.2337777665471,1.46277388128828,0.584658462539866,-1.00723251212328,-0.757038341331205,0.164615405773497,-0.251255811659707,-1.5527203852438,-0.590777710730213,2.27491803157318,0.441270854267082,-0.819900847350503,0.435609574078398,-0.466544295484192,-0.16190329093345,-0.0658401780709306,0.00134758432390746,-0.833068080979314,-2.58876826467562,0.745353628111826,-0.163449280942762,-0.119578621681141,0.156084391059817,-0.333466605388339,-0.532155591361786,-1.36438792041554,-0.644047199131096,0.515234619325666,0.915884633864124,-1.33183153914363,-0.50127863884393,-1.56693301304572,0.0525330925128162,-0.0842570397423331,0.108829852699511,-0.906005711923432,0.825226655664885,0.512743479729894,1.83719664126398,1.31245221395529,1.42721938151989,0.188342425484128,1.31545303196895,0.703797774332106,1.73551440733558,1.81627929186154,0.588878470938386,0.247414234017029,-0.379460969687974,0.266350851020025,1.31789496145728,1.21567791811591,0.413517252868942,1.62983773979699,0.879376166812084,0.0847083462307951,1.29608786543153,0.997320026215431,0.0226204614934456,0.829734411039067,0.230538126432867,0.187835708376031,0.877514964374613,0.251172066318446,0.945835347677445,0.977442704381901,0.876941519335216,-0.221296009892076,0.518910180793064,-0.610297333746816,1.17048245366588,1.39883858358058,1.13058451302929,0.278559049314799,1.23672151884586,-0.764439861002502,-0.113182738622958,0.0108524907931841,-0.38279174047652,-1.5173919502497,-1.62393834212439,0.342733457828115,-0.976271463371785,0.496854618121085,-0.969152745662375,-0.842945353907708,0.76433552143041,-0.0325344149273636,-1.69181900926139,1.75571305651561,-1.15722976893655,-0.829024630346643,1.06597528262695,0.36063067457322,-1.07134963373806,-0.672132460056356,-1.70191310604716,0.164004714913194,-2.63377550466823,0.993412183623719,0.305538615364941,-0.0597560620416561,0.15621447804105,-1.19828509575079,-0.522324003073386,0.0779287610685964,1.11496447409752,0.77585937416598,-0.178381740602017,-0.776336192841793,-1.0906502700985
"Discovery_11",0.00812848103919915,0.586111038885094,-0.793297676459623,-0.853501496985299,-1.85048180070928,0.266777612141573,-1.54975286391285,-0.0461508104847949,-1.24474475915558,-0.622829917193175,-1.84734672318311,-1.44453297785666,1.71580111026456,-0.817028292667967,-0.91580606392058,-0.713734245711635,-0.986101191344406,-1.08136210709726,-1.14951937990671,-0.61360249678288,0.00576328023716655,0.463735002215817,0.17942228798599,0.726704073239051,0.237224701774529,-0.11198371418167,0.28237117534124,-0.0480668108045382,1.18033505615983,-0.258580455099963,1.02193015876619,0.400227434974121,-0.142259454721113,-0.424952290448541,-0.931661820987422,0.775741400525094,-0.0874786035258805,0.305387518608351,0.0258238398733326,-1.60208184810315,-1.50508382387148,0.665977654925,-0.523603368616169,-0.623953887175807,-0.120460905110666,0.641602232674273,1.07158696937788,-0.940368507376488,0.311595501007584,-0.141480482967228,-0.213940823278002,0.185853004485931,-0.24394473373313,0.981654395359979,-0.589275191046834,-0.81597720966499,0.149776702022077,0.296601511879358,-0.035823536809295,-0.9062230396812,0.712842233858883,0.17604656390578,0.0404520613747629,0.0218551777326973,0.5575617554262,0.143237515389718,0.607369367973373,1.25172568630349,-0.618948911998117,0.224353434197183,-0.25508428546816,0.250237591855025,0.659048117180639,-0.261686628045104,0.910365743511641,-0.277422874628038,-0.7286746659423,-0.48561311785659,-0.840152470615345,-1.04925080886175,-1.23035625154011,-0.440896801904443,-0.858919429639689,0.102631506976749,-0.581596707883396,-0.308204192214581,-0.514669374396392,-1.26074638470305,-0.323481040788196,-1.10324718920921,1.28061746184161,-0.0899533289349786,1.01750889961314,-1.08819176324307,-0.554100436649952,0.40025473185457,0.48863762243623,-0.60845133025278,-1.6685574837869,-1.77741316335604,-1.78087610137761,-0.328598081136311,-0.444852837782464,0.165203809203323,-0.577430244070402,0.667399140651544,1.53054082774194,0.444369283218287,0.605528122848458,0.766456602507398,0.91810909844132,0.807345439130772,0.736955952190184,-0.303218106988784,0.501832614699579,0.216295812929803,0.686050868621125,0.00109667597700145,0.100877622638449,-0.776164091192631,0.282156079879334,0.952675745036082,0.446978146023525,0.42246700495725,0.905936717608115,-0.692312588967613,2.29629997975764,-0.0542115424985465,-0.222476706178761,-1.7925319739711,-0.0395938831713748,0.105657621462125,-0.351042508415584,0.280386963168571,0.771454048356578,-1.6297207913277,0.0847081077434533,1.0018921469672,0.145401315931713,0.56894860350611,1.13241210040847,-1.20897324974959,0.0213237896369874,0.814094886228108,2.24806014665964,-0.139747655337851,0.835425354501643,-0.989962419938865,-1.55161096569011,-0.515199811728349
"Discovery_12",1.25258794934066,-0.403833158650293,-0.0910624153698888,-0.582149167141942,-1.13252187592458,-0.925333694608755,-0.769409273320208,-0.147803204805753,2.20233623391428,-0.0760921999189213,-0.231095035737131,0.404234158449046,0.320590797223819,0.388674909591051,-0.39391065848505,-0.513472189957033,-0.724340901778575,-0.22926774104967,-1.73326710044301,-0.78768062482864,-2.20074300634733,-1.57490368750046,1.03708160320719,-1.7923670141034,0.956900823166514,-0.896713996774565,-1.03660055664984,0.112164576913472,1.75149799972522,-1.15555680644675,-2.34813668632959,1.02823154818609,1.1172636163692,-0.484335943063689,-0.525428902010112,-0.54222169474326,1.81180648350584,1.05766377298687,-1.54578426811556,-0.0684605989589116,-0.353423487234801,0.304605002649355,-0.923926582419139,-1.3702226023115,0.00353562302869511,-0.787949985236523,-1.14097879848193,0.27616176089145,0.414512523508211,-1.51380305998103,-0.613001340623704,-1.51116690157019,-0.630723224152604,-1.49892353690157,-1.26452630804663,-1.17321068943056,-0.752712386784402,-0.361962527659766,0.335197923888745,-0.821944678365247,-0.849237340970958,-0.171904517243587,-0.506430846065764,-0.297127933501634,-0.96225304062838,-1.13223414333175,-0.654733926624839,-1.76161865193891,-1.07335170057337,-1.49172998234617,-0.819832068885064,-1.1956867905447,-1.18004825527143,-1.32299059863651,0.246422927939766,0.914540809387179,1.642492211823,0.915179078408891,1.53575790062591,1.61068573512439,1.94517260675639,0.99173256694031,1.8089157498607,1.09850411234238,0.878498661681117,1.78746913874623,1.14337222776405,1.45389162187672,1.2299257623055,-0.312098230596463,1.27825854015948,0.863573333878917,1.46807683501503,0.868954045160244,1.81239049781802,0.905898209636497,0.922537728655361,1.0301472024327,2.00385105199789,0.61590528995598,1.44835515693838,1.4547031834008,1.0305004142825,1.13724084063672,0.389772178317286,1.12142662315191,1.80496092380697,0.355611226171319,2.06862446383019,0.787517799983915,-0.891608213919139,-1.56077747114263,0.0929249558515022,0.559437179188495,0.909456835655766,1.05514438895061,0.409363749323006,0.647839482455069,-1.82371435337095,-1.22520071303796,0.286939180097643,-0.851461635453711,-0.327544331781261,-0.294629929407238,-0.365897243859328,1.04095506026537,0.68019029066714,-0.160634912194963,-1.55720679172083,0.634233175021612,0.0966604478059276,-2.02639593593171,-0.387638182724615,-1.18916978132996,0.235948676135999,1.5434505455212,-0.275433309242763,0.728332259504253,-1.58509963704668,-1.70840314637372,0.921594825960977,0.0687815911723988,-1.72014075162255,-0.410606781865456,-0.490644933970177,-1.0923486933609,-2.67780655881062,-1.30904196972711,2.12741859805047,1.29621203461449
"Discovery_13",-0.0488503268774865,-0.322599484871832,-0.936875358826867,-1.29395806877557,-0.213326911630258,-1.00800330542041,-0.952895424803081,-1.2469528844883,0.0789576676761415,0.816860552445924,-0.531090323071988,0.0844542323915052,-0.431741044954949,-1.49372511961506,-1.20254626917369,-0.391029516762462,-0.909641978618514,-1.0120233660242,-0.38949497841882,-1.11130462247756,-0.935497070585709,0.100051408518528,-0.104027408541849,0.06436596903764,-0.249114060240863,0.921299057524121,1.03314362664814,-0.109064474405377,0.97047204116179,-0.919140128468905,-0.0471969528092741,0.579402320951871,-1.03300761343392,-0.538847840865806,-0.498609776316419,0.534031402397038,-1.10721106349034,0.304648669953174,-0.704401506431342,-0.189843680566765,1.06826284467351,-0.826046828067689,0.562446626734985,0.300000738234784,0.20456610192598,-1.64523584461388,-0.779048841258236,0.232081843199594,0.669534501177755,-1.6425345951665,-0.860101719849269,-0.755288708408494,-1.58465189933796,-0.892447135171462,-0.72768575397993,2.01591850034627,-0.711380668152848,-0.335559434246287,-0.65223034595603,-0.558635492634253,-0.893904841226107,-1.66161710077847,0.0790511111661786,-1.53935840304763,0.177577047581937,-0.29712496963154,-0.756645721038512,0.154799673257526,0.336606050558231,-0.324256228801048,-1.10956628063385,-1.43395252686345,-0.00178970668007909,-0.656572673703441,0.0228144848927421,0.220122371323311,0.340633809227375,-0.724582251315304,-0.22139002094807,-0.722943279302007,-0.226664491678879,0.437896616802273,1.09397914801632,0.112278527213914,0.326537259567581,-0.164181468464168,0.947196909385926,1.15359310323189,0.221365718924493,0.150174565091032,-0.0230971642322056,2.46592107850029,-0.619875149230413,-0.303287053694871,0.166135030566524,0.204173752741987,-0.458880894684921,-0.12966658611631,0.803096521056114,0.860287971441873,0.503624276886935,0.0967871745608839,2.28714741200814,0.80371038657576,0.479775971147531,-0.462847112729888,0.417151268593059,-0.0118640677612706,-0.292332454466489,-0.608083800321634,0.69084384713073,-0.0843303447740947,-1.17144979465479,-0.391986688362445,0.598179667972132,0.365251369365213,1.16631146882548,-1.30387023568959,1.63105907497413,-0.114286006882198,-1.25634200260378,-0.0370421404693936,-0.147968907561607,-0.0781155692989255,0.160760057324315,1.06266052984303,-0.817354263618973,-0.718126091100906,2.00339999432987,0.358102249872453,-1.47102443301692,-1.16159350299926,0.413554149293585,-0.368547232081909,-1.59926559310375,0.0556802406422522,1.47922328120236,0.0653882699922119,1.62006891620655,-0.41876775076845,-0.806410483574575,0.776300170345898,-1.11537382882665,-0.390341924304416,0.316860654060894,-0.389377191988341,-0.591523518787206,0.422227623743718,-1.03785091322207,0.748158300913496
"Discovery_14",1.14533467583893,0.807903467248247,2.02071719753391,1.39307993923436,3.18506441885387,1.37822997674567,1.90287084682518,1.52775875421309,0.690573707010792,0.683729241874466,1.04124092867159,0.466465269867484,1.55358116851687,1.45862095915921,1.78455674218614,2.70811813207512,1.73485364489704,2.01328108843837,2.67095121473039,2.06990644536437,0.26146238803399,1.0750773751157,-1.3569981198058,0.648661507505187,-0.360750069063425,0.524201228131386,1.21516257998101,1.6437912888646,-0.344130660427059,1.72326570382465,1.35996380295674,-1.44086363808472,-1.57136917115781,1.80863186529449,0.456491151935921,0.510883880074503,-0.950812603010252,-1.4263205105317,0.756458790846648,-0.650576427458295,1.42636608489713,-1.55958044032237,1.02187375151476,-0.17463500860246,-1.05725375331017,1.36011459249786,-0.509994580720826,-0.103200851719102,0.596120026484623,-1.54770098836689,1.16842174838914,-0.369650769793854,-0.0445949042965454,0.994702863167535,-0.510506423582361,-1.06380337272551,-0.114418079838918,2.08455205590951,0.513324033518232,1.02850987261992,0.87557521786474,0.732713191757894,1.2005918163802,2.25523512059634,0.266745506913062,0.818854355435816,0.826439495044473,-1.34817184004745,0.832745182180417,0.173861706364743,0.56012854301147,1.38095312565708,0.62560751070815,0.601162269492618,-0.337973349109181,1.97435976892037,2.28098144744287,1.71147465201022,0.230105961856317,1.81182996744213,1.666395123687,1.06555250855231,1.82961888307379,1.25558437265285,1.25305238829639,1.59711554510076,1.55836134381259,1.09189110209212,0.236393545125753,2.34820615781885,1.17829444249116,0.493673556238845,0.769233656539974,0.0665835225628595,0.358662794198567,0.386257957238177,0.888583161554543,0.842373934773835,0.212879223697427,-0.666326356001916,1.42806621798896,1.35169749039021,0.705137428677632,1.60404163272293,1.90562722226238,1.77265636929193,2.33496080733673,0.180871395187995,1.0242458844314,1.26817118877543,-0.0176990862050652,-0.382476148689452,-0.394210488269865,-1.29671897590695,1.37078049482478,-0.401011511089844,-0.538143369372637,-1.04209902348979,0.35983558217416,-1.51442098904315,0.0981500406206732,-0.852865918002523,-1.86332785441173,0.49389597177779,0.23600584448623,2.25840647864782,-0.817602745050428,0.216254030490667,0.0812889731656642,-1.55168333909585,-1.14197347596649,-0.119941328973181,0.126565059329137,0.602464482403526,-0.619516092586214,0.260697687713171,0.6058613698711,-0.105778028643725,1.58824190218912,-0.0126827517226355,-0.519416118593017,0.361605254916492,0.405717284921199,-1.00090268412977,-0.888545846820574,-0.0962714919498995,0.109750638014812,0.232338656928464,-0.138611605073005,-0.449228388939701
"Discovery_15",-0.00387064552613158,0.699733781026745,0.713754042491683,0.584218221320742,0.188830526077204,0.671250762901094,-0.69866097281915,1.23557685910519,0.88825673039571,0.378106530617984,0.343894658269048,-0.798340531289777,0.255406882540096,2.02450149111635,0.992760753386544,0.0981575040105211,0.420422447190212,1.09555164377546,-1.35624114696982,0.528896361920461,-0.369738898790589,0.250331693066159,-0.371320016869316,0.156884797805884,0.39927545421104,-0.158290404748737,-0.837910092413403,0.379145786268091,-0.609280177776463,-0.0162004237499432,-0.0450260306714289,-1.14333694156902,-0.82753171713557,-1.77842055183507,-0.292760696073594,-1.8819140769609,-0.334122584732896,0.961876291416641,0.342770329484828,-1.94822822616182,-0.816036613627059,0.127405361153637,0.113011043306188,0.403871315401139,0.376667164859913,-0.491704424766091,1.23939583256172,-1.39043463270938,-1.22866019137779,0.794143841807128,-0.307552425417796,-1.52796421045709,-0.215942820541328,-0.264362552992436,-1.29275569275805,0.261666081596731,0.319887974515227,-0.636400646979441,-0.41787822770852,-2.0287041476965,0.373416409258369,-0.257574934725535,-0.301356389272775,-0.825730935559013,-0.750147283145381,-0.885735163563593,-0.892793024908252,0.0649350992835277,-0.971087411733119,-0.643589121739619,1.81763306920341,-0.748673140691697,-0.40344732728159,-0.573997197320227,0.324377982611006,-0.513663682222188,0.623938650378593,-1.04548252158295,-0.420280088724695,-0.640413956608111,0.0359468496237968,-0.823715426590527,-0.382618271071964,0.0359988884892241,-0.73167145530153,-0.0511113223747181,-0.00575262117551581,-0.370521393878139,-0.968796992873118,0.903537864417018,-0.371437625855023,0.101317752294465,-0.04660577849975,0.14894735749466,0.605083506494873,-0.365264880203275,0.726317215405448,-1.10890436993626,0.499423351115144,-0.727865229246861,-1.10216341957253,-0.873427782125971,0.792938111238924,-0.133565151158487,0.906277317152134,0.0334001111793311,-0.53708598154798,0.23884943249156,-1.35129358457119,0.590487361056935,-0.131338097464694,-0.549507382289238,-0.0531126988384156,0.00699330005690221,0.608323965621937,-3.10899649281559,-0.849261501721916,0.672238409589704,0.564835925696661,-0.137263841245384,-0.73624759464316,-0.408781025318655,-2.14323556303837,-0.471255240092921,-0.575720325244499,1.27925090318871,0.302982484018032,-0.126091377752763,0.0270846709893923,0.200646283169535,-1.54867506498802,-0.89823312746942,-3.06702695593414,0.467789160785701,0.916131929261651,1.40243889768072,-1.70507991355664,0.532114002628874,0.24129576232597,-0.317123979728173,-0.0699086959864891,1.26443271923252,-0.019225110417212,-1.14881882086589,-0.156312768991765,-0.3526027718483,-0.0412514761925794,-0.0391442572688668,0.573295360486102,0.21684698675851
"Discovery_16",0.876753029855703,0.40392586434663,1.63743631289977,1.49400183719456,-0.700103788733634,1.71702528362131,0.837346747266855,0.557833577082355,1.98457640707321,1.04038330916548,0.457416453846619,-0.232084938605328,0.706100699061728,-0.453403864733366,2.04344177765663,1.42305661200825,1.59417495631121,1.53236881551109,1.15913257082334,1.56028807823076,0.363414228105082,-1.17632406687738,1.59938815357847,-1.53083923386176,0.0946076295906935,-0.839878276182436,-1.22972725483503,-0.738796695262,-1.15724585785862,-0.4925002299874,-0.864395141637617,0.471032232368548,0.103907832569128,-0.117296399089714,-0.522178138825167,1.09392269629872,0.935532835294466,0.0679173916679394,-2.03394756169766,-0.375156341631665,2.03254354872284,0.670650119579059,0.103739473270815,-0.24365489752242,1.74007085104756,-1.35073866783933,-2.2722740028681,-0.232574708979576,-0.0838196737500565,-0.491244169589837,-0.0559923566743332,0.148842217711115,-0.762516979232634,-0.600944905664911,-1.62160922410808,-1.16251941195159,-0.750410733495327,-0.581772046111287,-0.76621508748339,-1.03326880754514,-0.574702651172156,-0.901116362014671,-1.39823860384576,-1.44756193312048,-1.55418112303499,-1.14604308352063,-0.435831936926269,-0.136940985210515,0.235508081349007,-0.288983263728092,-1.3910359893743,-1.38447227865286,-1.26308431765007,-1.29581688839598,-0.977178407015028,1.11394126326909,-0.218995131634092,0.519522216597096,-1.14092597391246,-0.260450924820182,-0.482684135900901,-1.08977348228549,-1.03186472548258,0.353600993922789,-0.00731767962525759,-0.341393530478448,0.208473433952286,-1.04760110530765,0.569504748499636,-0.420535730532955,0.526124910389512,-1.23303104956987,-0.0690383797776302,-0.206200491798237,-0.400966829756835,0.798247816013415,-0.188048455665279,0.627359617494035,0.716672476458369,2.02926309926551,-0.158125069141306,-1.66253419848479,0.531613502535307,-0.0190644147618037,-0.509324181822347,0.408802388443795,-0.394613440171388,-0.381637608967847,0.0222039303314893,1.0222538391819,0.384025987766524,0.702325648135206,-0.826385817969967,-0.0473378019968498,-1.27422321096681,0.203127489669146,-1.31628825001402,1.09826049418456,-1.45269078822528,0.980638860984529,2.29400344591599,1.44217723772182,-0.529757851635043,-0.592141819386528,0.827776496880616,-0.495182279148014,-0.194297779166728,-0.229522042128265,1.13333388660964,-0.538957393623471,-0.0426779735994517,1.27189357469941,-1.70893009203989,1.04019833888739,-0.377754272553961,-0.99298836476271,-1.27539608710429,1.4168275728227,-0.636324957376139,0.860149456612663,-0.955254867068883,0.525222090187754,0.218836863862873,0.723021019609584,-0.179671578121562,1.44766865134653,1.16074166949145,0.628149686408172,-0.111510666646067,-0.388499112788716
"Discovery_17",-0.126714953685432,-1.12698392679149,-0.190907164731411,-0.0217824054909986,0.623083725047894,-0.293637159186134,0.43588374016238,-1.19428962215856,0.222530640347875,-1.33784529308401,0.566602331359864,1.36513562937169,-1.60300204712461,0.88022464474395,0.406788116460867,0.379886333675578,0.6721847543044,0.132605525044945,1.13009618766544,0.267937545703562,1.28145770708989,0.980407202206908,-0.374881467266181,0.661599030797967,-0.731803545682972,-0.682933920289778,0.797107389291139,0.0227035890546604,0.102489336502838,0.447552864922874,0.563361791444624,-0.0463442410407221,0.437000358539895,-0.764165910692023,0.686847443018534,1.00938206193479,-0.777362038734864,0.29263578366432,-0.00246238604359942,0.0125642577588929,-0.378056173819192,0.149615316037234,0.158415209757674,-0.104094733446771,-0.000383366638786608,1.01709970641504,0.0393551825651463,0.689963902598651,-0.915563783459064,1.23202290929114,0.197234223665241,-0.00394271856811537,-0.647007803755711,-0.756538751344515,-0.751984491638735,1.65618573478627,0.205132198936803,1.21067195304583,-0.301293237063797,0.467492875282802,-1.83324142975327,-0.124120570481423,-1.01672230652661,0.5993564065969,0.755487025513029,-0.363839398952246,1.08550622857563,-0.479948281690562,-0.623623684361023,-0.251085197915765,1.94422303551495,-0.142144725311397,-0.709206922325952,-0.57020353010091,0.532754299554451,0.121104817048324,-0.256751466427776,-1.54282219205696,-0.571215728468152,-1.39260975048704,-0.700513764923182,0.351333630253972,-0.328722148971362,0.107131239434476,-0.930100616738763,-1.40282251934485,-0.376437672946708,-0.865482779042519,0.0548483436142187,-0.0583648669865508,-1.06925217234577,-0.617851360629341,-0.240985306564209,-0.873396160660184,-1.1286280869076,1.35150189882719,0.222672349710832,-0.572629229842954,-0.455062807698685,0.730296115650105,-0.384362364564044,0.322435274997657,-0.626982282075045,0.27321497385574,-1.72123722070322,0.107931744713237,-0.890250947050248,-1.48434212563869,-0.49675018358901,-0.718084366696453,-0.411296276431613,0.609070645846056,0.991046204064715,-0.486119281787678,0.986467797251188,0.306767418344181,0.310751383771613,-0.166175523283975,-1.23355586912289,1.05250261837016,-0.0366038041272134,0.797252726441598,-0.0169729382154157,0.924791711287906,0.201149779448343,-0.637744004104503,-0.26802821837555,-0.381806176793862,-0.504406051385573,-0.844800192067316,0.787837332197814,0.539003140169746,-0.309147906155979,0.352501759709791,0.362507925867174,1.37809579227796,-0.696550795204305,0.400602409296441,0.0162817286519675,-0.349004794160898,-0.459490966596344,1.08244781287721,1.49831100384837,0.77608104948757,-1.70171601128672,-0.360761146467643,-0.196540309791499,1.365928033985,-1.54166221439669,0.490183723272744
"Discovery_18",3.11689230215621,2.01522471401837,3.37154428924586,2.79856822672654,1.26940912905552,3.00234062806997,2.72397544649907,3.12266887146716,0.400455418255043,1.61468900198761,3.3667940445651,-0.511288164864229,2.46742484801695,0.753305216736316,2.71368268014373,2.68918901940308,2.85104278220916,2.48310295259911,0.588836120555438,3.02400342848926,0.7688609703568,0.96097325220348,-1.00575159712376,1.6319129743825,-1.53530879461384,0.950926772913557,0.786602560603906,2.12706936149649,-0.221933723622755,0.86643922391975,0.624494811697708,-0.537843216880526,0.114517681069098,0.740040278108758,2.04514321585868,0.85812289129736,-1.98657742133397,-1.52376353303514,-0.020369571484086,1.63638229225014,1.24056706748829,-2.05560947644602,0.498866899310936,2.24910724664661,-1.17399793356078,-0.077646042333331,0.191377999156946,-0.1428754972498,0.313220434262626,1.21087837289959,0.724622525564434,-1.75786035246317,-1.2552461343811,0.0149138442888996,0.184237585687087,-1.24380947140152,-0.329884679136747,-0.54647945412761,0.880542818053312,0.389795913282011,0.972464789470466,0.094649815619348,1.18842330109807,0.892472236263494,0.4907246035868,0.29957359198341,0.273815718764516,-0.252279237499282,-0.652172812915074,0.524418772426547,-0.988967322583532,0.700570400740561,0.172055451706386,-0.670062024812265,-0.189633215595351,0.344589609305122,0.00493788656391145,1.37205406070568,-1.23042213026134,0.334322674503302,0.0167148799879814,-1.55848100063526,-0.578976740101427,-0.512391287023254,-0.265548697935925,-0.673589476480668,-0.125006578510784,0.10241375899734,-0.161595724822144,-0.934965467803979,0.258452491788804,-0.0418180420542958,-1.61071051352767,-0.647492091615349,0.479871931186219,-2.05302612525556,-0.442187302132523,-0.257706478825601,-0.796340297044237,0.0382368686149233,0.185083432961988,-0.811479715307577,-0.107236102066548,-0.463512470587923,-0.560279617299196,-0.0122113819199509,-0.742105958965992,-0.528531228537156,0.34205315257233,0.738411123716319,-0.28967427935933,-0.232192825422767,0.688189905410495,1.04444485686558,-0.205264146487568,-1.27492648771422,-1.99699737770799,0.895481443893635,1.1789663104907,0.343714301513983,1.90876333788804,-0.654744590323881,0.807422310359373,-0.578932262626579,0.123224014092784,0.265723656770198,-0.280121000759795,-0.674640870019367,0.541744058545671,0.732845115796858,0.499207145896528,1.10270479191596,-0.694572897713855,-0.67855343243585,-1.31356083020679,-0.623558513067313,-1.21325684395459,0.357621435766652,-0.824908874598695,0.2140247138405,-0.337742901651967,-1.26067825046229,-1.81294242523314,0.124984115774825,0.245439872015379,0.815456134984594,0.254331334191283,-0.440662694249862,0.199384353995283,-1.52013463712912
"Discovery_19",0.406393432731069,1.51254123741678,0.684540425311434,1.65188913396469,-0.0895422822923406,0.622218476962117,1.39824625810806,-0.301631635141392,-0.190291927794762,-0.311559055589256,1.17713874199543,0.50384411518395,-0.139913230669882,1.28098151381485,0.997551684430664,0.444053177271348,1.1426529618552,0.614786095406496,-0.155418784758627,0.514872814208295,-1.3075301604049,-0.845095491836045,-0.0479580077257539,-0.326386860192519,0.591895677632856,-1.57447210077743,0.00327508729415609,-0.389856562242959,0.541625036241851,-0.53121005830394,0.0252656261825683,0.447340238119707,0.583840620197173,0.835875390742046,-0.837402504492525,-1.10390844966628,1.00114154356752,0.713416440344117,0.896827897465966,0.713155140049215,-0.244545299543334,0.323124527537717,0.00495914021062437,-0.746353146855001,1.12251855211188,0.460252908120794,-0.631330140631321,0.350271763000465,-1.42383962048239,1.33667774887562,0.274416601728989,1.61230368249134,0.851425114520148,0.715203657800491,0.967048719196388,1.25471519037126,1.8140554471471,1.41187366157403,2.19751553897061,1.67626084478391,0.00103498449699534,1.00757801364851,1.10503531972377,0.546894209688498,1.86066701627102,0.668494189215577,0.63663112224128,1.28986633025311,0.155351163223126,1.34854132348016,0.191724875801063,0.936483124846983,1.34856394306232,1.09009981361647,0.149988572129944,0.488955588996603,-1.21557658542205,0.494634967577619,0.469946574956469,-0.505157009786234,0.0555112611814617,-1.02834415234127,0.227109855592143,-0.157807287724117,0.558730219445367,-0.0202498669735425,0.746453155196933,1.39053881942385,1.94840822398775,0.812226356659719,0.306668205915888,0.725145231478617,1.10295925468845,0.550753625253657,0.67838014722931,-1.1683899500493,0.86951404343363,0.542349662962302,1.58851483363619,-0.649124200037973,-0.0031145244427632,-1.79338958708586,0.0728408588889691,0.570489528778216,0.824641840693856,0.175315902824419,-0.95291998144998,0.556885384574421,-1.13705899063932,0.249196553337752,-2.26736872268548,0.40100917603497,-0.263278958745565,0.996525326092468,-1.65428450266188,0.813621642536467,-0.303985078960353,0.891628947529956,-0.178481748447691,1.78204695478149,0.759838653308589,1.37864454654594,0.188265395817414,-0.543670155347582,1.53024681237524,-2.04129672616973,-0.652489781778822,2.01714377501199,-0.858769979281532,1.00559775506551,1.30698567981383,-0.918145068804384,0.0104790623147259,-1.58459855151728,0.611376397798957,0.39614966900376,0.130083560016205,2.18538490880031,-1.68153535885731,-1.97209602701875,-1.41581343866533,0.0622366208344535,-0.618058427175179,0.586929978131981,-0.306032065889965,-2.27886132245943,-2.09772271226012,-0.0528839618287246,1.38071895481944,0.224022266446462
"Discovery_20",0.0237540431984437,-0.422499201815158,0.129661311197406,0.000449300587500724,1.15838538206814,0.0826381319805514,0.884219154102345,-0.87101867528795,-0.441914063517095,-0.472479614591927,-0.493224897759924,1.68021900396563,0.301484707045047,0.517722320366602,0.191985753479557,-0.561192664797251,0.3477588103709,0.0018864717525127,0.781347553370259,0.291654811146044,-0.248914670563552,1.23970260512655,-0.0693268658034716,0.254213094221899,-1.71322402434087,1.1551395531174,0.342748962554203,0.590347667104735,0.770726355064415,1.59981712100912,-0.559083134812426,-0.191995706747326,-1.54489823213558,2.19698655752452,0.206661399213424,0.660472460093458,-0.076578900274517,-2.50237062426207,0.691764296773118,1.67712176900947,-0.772305600141385,-0.977731895844835,0.980673860775786,0.885081530395001,-1.69343890827313,-0.920707650967151,-0.891584900942096,-1.03904080310032,-1.35250486999541,-0.61817119611547,-1.06146775522304,-0.122056221050996,-2.05136061020988,-1.34595261698535,-0.911301860134334,-0.313713784070576,-1.35950232864032,-0.0167156941799991,-1.38215926083834,-0.199776470429281,-0.707332909241535,-1.65944381913429,-1.14421514817479,0.866098433657388,-1.01944209073765,-1.27328466626811,-1.17691787939467,-1.94836436895505,-1.7943615913889,-0.914873546671797,-0.94660433665783,0.255202954064242,-0.282773673002239,-1.78514523851202,-0.635828549273401,-0.308611086385172,-0.224724156415242,-1.04618341425404,-0.902368377602309,-0.599888241402307,-0.777657073675256,-1.09526191702092,-0.250969621804834,-0.748029031678956,-1.16858354858601,-0.979098889118603,-2.01229128015673,0.354710173070986,-0.0787197546490642,-0.314015070006648,-0.477862114359757,-0.563613722979294,-0.203738088251231,-0.583583500172702,-0.0661376268370559,-1.72677929981327,0.515031760844031,-1.81422787511107,-0.356355543594213,-0.146752912092778,-0.870812560808999,-1.1306124853462,-0.283431095728001,-1.90172809858247,-1.26643888411504,-0.859298472269308,-0.880970811676829,-1.50202470068953,-0.0560836051676511,-0.31352655273364,-1.09500764858057,-0.190132010374598,1.34208291218253,1.72199979618846,0.391105058422463,0.81946813103181,1.53904153079117,0.989580109436416,-1.57423560242477,0.456935184537742,0.37782428264254,1.23906131656118,0.0804504680436385,-0.940940713860978,0.744424880074123,-0.541125483310314,-0.10089747959539,-1.51689443025709,0.0787856741946982,0.206559020790981,0.0850420329051421,0.769527337925009,-0.833436465214751,-1.35599720537618,0.617680708390383,0.764719845738477,-0.25011269894363,0.49692346850368,-0.940979754262923,-0.615134642932556,0.418511750543265,-0.307017106293974,-0.538304165719702,-1.92801556057325,-1.42202096728905,-0.504544426212417,-0.589582856909564,-1.19903972334867,-0.827098283410639,0.574730430383181
"Discovery_21",-0.155853793462881,-0.846884995756161,0.0859370879135321,0.0752728706122873,0.244914154696795,-0.230018508405391,-0.696653962050518,0.154723027084791,-0.810114728631457,-0.622014271005831,-0.52812927906794,1.42284641888073,-0.398100565739077,-2.05481545091349,-0.0324789560447947,-0.51465087712461,-0.266667966331967,-0.379531709761933,0.600769574964931,-0.434160068232388,-0.431215747312976,0.632870960480957,-0.492794790882909,0.126729311827143,0.0149742299672495,0.540388673224203,-0.158568304759636,-0.331214668433387,0.238065523292919,0.710896719705951,0.297977392233717,0.317967348222212,-0.157407399766109,-0.301159401639817,-0.799150875765222,1.16233789548584,0.720414744130216,-0.401069080456016,0.179126014199784,-0.40172304932587,0.808970445826367,-0.695479490760502,0.308782005358787,0.352820488470779,0.561216385100788,1.02665228510283,1.30627557093246,1.07816896416586,0.724956718368965,0.453710154557893,1.88052977663676,-1.37069540179909,-0.26812097488461,0.650733519942096,1.12209749503724,1.33759329155005,0.94821718275322,-0.249915011464686,0.0854202017776247,0.0322990489310172,-0.000955439511571183,0.498374246578678,1.26505856434786,0.453743986590351,0.543309643896597,0.236232764433804,0.361311469565584,-0.991926039179273,2.18848858222429,0.947379606909364,-1.04227066579641,0.894706239006441,1.75110291899325,1.09848059839603,1.65620049729784,1.15799984129469,1.5849545891613,0.133056971051937,0.744603800518303,0.518069281182281,0.902232757595052,1.27445748990596,1.51387339917747,2.22668425802272,1.16413418102069,1.24854881213519,1.23477823288747,0.664725678703745,0.513281883490084,1.23670372101818,0.898758360345644,0.452018030028928,1.13745339302167,1.49709117952843,1.76936029303068,1.89543166308376,0.229962875547526,1.6439202408224,0.762329729810307,-0.0882093065048011,0.814050768338889,0.200667133480822,1.28193185514717,0.581278358510889,-0.170232103455249,1.20556582362014,1.28420867270401,2.82468146564878,-0.207182561339063,1.10435752449132,-2.26736872268548,0.40100917603497,-0.263278958745565,0.996525326092468,-1.65428450266188,0.813621642536467,-0.303985078960353,0.891628947529956,-0.178481748447691,1.78204695478149,0.759838653308589,1.37864454654594,0.188265395817414,-0.543670155347582,1.53024681237524,-2.04129672616973,-0.652489781778822,2.01714377501199,-0.858769979281532,1.00559775506551,1.30698567981383,-0.918145068804384,0.0104790623147259,-1.58459855151728,0.611376397798957,0.39614966900376,0.130083560016205,2.18538490880031,-1.68153535885731,-1.97209602701875,-1.41581343866533,0.0622366208344535,-0.618058427175179,0.586929978131981,-0.306032065889965,-2.27886132245943,-2.09772271226012,-0.0528839618287246,1.38071895481944,0.224022266446462
"Discovery_22",-0.593871672629173,0.311868086369308,0.234770179659647,0.433376763830078,-0.574615649018822,0.276512292444214,0.913192544085148,-1.15123721540935,1.08421364934318,1.05437257381532,0.620987038062191,-0.0905719192932201,-0.594316711290123,0.304167387953585,-0.380113311375958,-0.0394317038186783,0.293443825390516,0.46035584619321,0.392422425023439,0.0996844023965363,-0.821663517374023,0.852736223081527,0.517156732227758,0.716175303348095,0.346709000483979,0.166070033910919,0.0821654596425261,-0.214669323704744,1.02626402568995,-0.755290912072589,-0.296676550348947,0.454167233330341,0.363795771038364,-1.68311571165597,-0.41456835813882,-0.446523285573826,-0.804621688434624,0.810614976522145,-0.134221970209669,0.787733571794681,0.937594926654473,-0.605276194170698,-0.39448164472602,-1.25572558351942,-0.129275564525169,-0.580904585113239,0.641008004744801,1.64848564401067,-0.598099687791577,0.578750376852213,-0.80109339032036,-1.07178964348114,-0.72158371193665,-0.68263771193099,0.273252112844998,0.408778805024253,-0.978243675122179,0.212900546173654,-0.617695199690537,-1.46316580265539,-1.64431672526372,0.030531747254553,0.805571794398194,0.47590207324031,0.373012709428033,0.331980648499903,-0.338363707348423,0.615402144325373,0.0719995306314925,0.215926326541566,0.172179951207026,-0.125781680289826,-0.201664978066984,0.290269686866012,-1.66507627645597,-0.202113000561331,0.538576556790702,0.729678079445764,1.49100875560689,0.419236537491862,0.282219502393504,1.46985603397412,0.441139079646726,-0.802429760703318,-1.21787263629946,0.385930646073465,0.125958048077113,0.327948645100652,0.42981513425841,0.943599579076401,1.42513371048084,-0.121988272053684,1.0958974014631,-1.0425329735491,1.34464490226164,0.276240647114555,0.686087702777804,1.54569342976176,-0.512879861897184,-0.870310418817545,1.0372256051927,0.557799018570796,0.0385371152492086,0.689389059519507,0.166134013327414,-1.21884914077158,-0.211823833014424,0.465489639606623,1.63533492652814,0.894441206525893,1.42490232862281,2.21919630283895,0.166973076147262,0.1771563248891,-0.346283601035424,0.598096527725427,1.24906113913679,-0.785330020062709,0.550606705230721,-1.12338308543661,-0.574027475917817,1.86099537358659,-0.0217584579313751,-1.47155582899194,0.562526326859776,0.0182120509271547,1.39048519249044,-1.27790877875954,-0.512776400120626,1.29859320556056,-0.196079658959371,0.654746222180587,1.25896260016437,1.10484495789793,0.43750757648975,0.735342970042375,-1.25507689191023,-1.50224905451761,0.58790841393968,1.33544678020784,0.391641657073099,0.835308345087749,0.684548296477451,-0.41105129113062,0.923105053519357,1.0189690434784,0.9161893095383,1.14811822339951,-0.892195653169828,-0.109152690152976
"Discovery_23",-1.38617818030475,-0.887653644807043,-0.539005353976183,-0.690988501555895,-0.876365528727966,-0.102661734275611,-0.216765093839751,-0.647147329374971,-0.803221675859773,0.246600776330347,-0.11584725928642,-1.69047512741698,0.173364393307405,0.234745969961547,-1.03219297544648,-0.724862420000297,-0.697471454598992,-0.77655697915663,-1.53062417293343,-0.372883336977788,1.2751613810934,-0.0142282344085878,-0.612669892374891,0.0726213981808632,1.23140735633245,0.388117347585685,0.442057144320281,1.80779440897689,-1.94277713434974,1.17955388973954,0.40245760405277,-0.722771013548566,0.706319560355877,0.0073808066218697,0.529379539669408,-0.752969425955145,-0.37105540455023,0.427584312653898,0.803062247775617,0.672263437965747,0.623520504100711,0.234739018508816,0.441783031905059,0.159684793919446,-0.370259986712459,0.279084930039585,0.14855510454952,1.49966657621038,0.239960639547346,0.434086899338606,-0.338371647805439,0.734316677281592,2.67769253361152,0.032773284111738,-0.325183394889754,1.17324176149983,0.889565474750237,0.805337058219188,0.393155617701981,0.564611179802036,1.60548264122162,-1.04759579642518,0.719794600967219,0.296339238869707,-1.08127873664717,0.669272981652854,0.0685978919061747,0.369249235402466,0.531722405947866,1.37058293212088,1.02182185872405,0.894178910644254,-0.770289976936641,0.0727226252100811,1.36729102073588,-0.578522011518935,0.811611509293702,0.285806110925441,-1.74046134956841,-0.0503827530451585,0.457807206689857,-0.60739680408141,-0.741705920416905,-0.0954974579431303,-1.41290973570725,-0.96311959456748,-1.01760561669476,0.04588783622781,-0.284924726138849,-0.0132162879694063,-1.66844513708138,-0.429245139653301,0.754934731120337,-1.19616660340733,-1.19333119870999,-0.296456080004235,-1.77868152012666,-1.32893089387303,-1.14836388721874,0.36643443849961,-1.24121890524022,-0.731552694357396,-1.90689334343858,-0.068919993410362,-0.945632951645137,-0.721872798586515,-1.45654817762813,-0.572870375919287,-0.374856746481558,-1.40777314221698,-0.421941400748521,-3.38819624272701,0.0779481518571936,0.174935422268715,-0.499944379021243,-0.284808604184942,-1.42894281326055,0.925109290664989,0.524134320499336,1.78778523027778,-0.650272845569176,0.05633579422804,0.294044631487691,2.51911398422792,1.04245232147077,-1.05164630600908,-1.19585165115014,-1.14796696606114,-0.951553320569943,1.67982326480091,2.79050062073908,1.86399937255869,1.63130490820997,0.230439359410527,1.80057646984915,0.582381962297183,-1.37357558427228,0.323923479184452,-0.375411821358356,-1.82301611195973,-0.757652888139173,-0.741600868175504,-1.46587413039292,0.360443912705922,1.85883749554651,-0.723666187625712,0.22946783630262,-2.96684656888199,-0.826609339067479,2.75239891784454
"Discovery_24",-1.51298860403248,-0.97691070214943,0.0876756984664489,0.217458049479887,-0.323231216048994,-0.33543612202312,0.772354824829035,1.02298909425677,-0.175956214001847,1.09449731906569,-0.0929360328438261,0.451655283329846,-0.299982631335575,0.219331585964369,-0.565854823946381,-0.142202859541623,0.291844495464885,-0.256865561075072,-1.24235356485786,0.370694212190039,0.307821451277156,-1.49991358153563,1.9971296492702,-1.46486633135131,0.211300428791088,-1.16232313250392,-1.85941262723683,-0.934475108120311,-0.891717909849026,-1.34034749421494,-0.00126556245466997,1.47804658566349,1.38269499510443,0.42208546828533,-0.162070285841899,-0.967107445611025,0.776553135735426,1.82022699136609,-2.46462301011344,-1.13394542147961,0.720340136801273,1.50338006312882,-1.46217468969038,-1.36168038554413,1.74181828119562,0.257142648365797,0.509909373876162,1.21020007643612,-0.481196849734344,-0.165123679028924,-0.18794796578333,0.0686890112314106,0.986112155952828,0.935416466474357,0.0748663500700185,0.577425863898021,0.566378490960375,-0.0576182361479791,0.419942008589196,0.705074314238821,0.0725790772399954,0.646852283199933,0.704573478249067,-0.267176583461927,-0.204016543903291,0.89070585508262,0.739756416403107,-0.178102139939871,1.46842576064952,-0.285006741942428,-0.111060304866078,1.28162002065539,1.32891205684115,1.15170082714132,-0.08557218172209,-0.977279251202791,-0.408310093215404,0.286626809177818,0.0169564809389531,1.51199493991953,0.23651400627273,0.471341778119192,0.374928352611993,-0.0467576372091898,-0.291937217602307,-0.624957101988657,-0.181855724108264,-0.0347201509997288,-1.42491288931639,-0.350405619608682,0.204297279665424,-1.04605906542034,-0.856171581302198,-0.947663689271985,0.962260682226046,-0.768952460689785,-0.235681768173209,-1.04708786787223,-0.829342294055107,1.58232601894448,0.123109780394861,1.05615680409073,-0.614025950883915,-1.79702227874362,-0.866408483814891,1.16603006374593,-1.31844401329876,-1.13196193651975,-0.625679598079397,-1.59420213995266,1.06380465142636,0.752185038102987,-0.200005995415414,-0.756023500010724,1.21230297320481,0.612869144671615,0.00961852513379787,-0.76008366408196,-0.0568935457670853,-0.628759513444919,1.23849421091955,0.283221769120726,-1.56307362601329,1.95907994259084,0.197736582767052,0.435409833077412,-0.860140282327544,0.497092721535584,1.68043168642044,-0.0025743873546055,0.856774352355752,-0.957544759309056,-0.0137444989532121,0.353739348841001,0.0730230006039132,-1.05758981365906,-0.868900123987533,0.228885366441173,0.845586892435702,-0.750582022350099,0.606069754483237,-1.1493819442281,2.33360566652582,-0.0785249099969368,-0.452117952765726,-0.119318780760955,0.00607537215539716,0.537563690446319,1.23004045468082,0.149128733040138
"Discovery_25",0.568561408503203,-1.18701873097856,-0.383651112159721,-0.32701577643435,-0.303847681969958,-0.713664228593728,-0.146940614676078,-1.50298585004361,1.08339395455467,-1.79288872429439,-0.403619180270076,0.910094189182622,0.0318511607530992,0.114743693133899,-0.014681031177548,-0.629486041028191,0.283866767343634,0.0187131207181537,0.193217847115926,-0.298059893781604,0.308837099632788,1.25779868593375,-0.352977822699214,1.29728423447525,-0.184293107040581,1.94522591629785,0.444285492924041,0.108191350632854,0.762886861327176,-0.601629693427153,1.8237386875342,-1.20176054409839,-1.18770469648313,-0.337246531888705,0.153618549003448,0.871223133572472,-0.711390440859537,-1.54868090396508,1.50127240203475,0.639421332759691,-0.347383078168926,-0.0429606613792499,0.134675559139949,1.13130257242442,-0.350049277377404,0.185130495630414,0.0309989784544977,-0.0398424663779465,-0.479221642841347,-0.380867725550858,-1.64481116783121,0.496458984893561,0.730622889239829,-0.521179505339805,-0.408887807991226,-1.53450572687209,-0.215483999862035,-0.00271659371531635,-1.10748302886874,-0.45445013603869,-2.0364123333146,-0.770131199381119,1.34418445546382,0.546537035788932,0.104579167377772,0.497579993651541,-0.792196746971297,0.377328584830034,-0.0680891400754763,0.048573598623567,0.139137322220868,-0.880349287305191,-0.752598425275415,0.406748964656346,-1.62906099930549,-0.682676277097452,-1.66701674584681,0.447779661751822,1.17892403033289,-0.248125707975803,-1.22129117106691,-1.29478361922035,-0.620461226085009,-0.595314568044377,-0.808621721024909,0.0137069773055055,-0.15323361933151,-1.15428122318829,-0.174272748030417,-0.954197432646881,-0.211363846315711,0.693701777627648,-1.05850403029813,0.119605025552926,-1.40360360764801,-1.37846340163247,0.341095193856943,0.258528892444165,0.0349343723298121,-0.245015433633982,-0.450150029063511,-0.740527127757222,-1.01889441980668,-0.891233940539631,-0.303595632147372,-0.118464805951161,-0.461764256903563,0.482352660053041,0.515541203224903,-1.37485035101158,-0.203998518598414,0.00529672786848117,-0.33234606100734,-1.61529971877894,-0.870721502810579,-0.571002354868011,0.017842669625267,-1.0049931364308,-0.281587552459073,0.670101104590808,0.43599551500273,0.970242047403552,1.46587534689327,0.558214039859258,-2.02303167668902,-1.39678870419075,1.50740699137362,-0.754265068915175,-0.108909302574701,-0.644761996189514,1.00589566237862,0.799367796274262,0.354554128953873,0.750620965839296,-1.03308102106651,-1.59880526685828,0.345809301229348,-0.172030492006565,-0.0298765680904751,1.52400691192388,-1.50889783615082,-0.42770927399942,0.998562321273757,0.911506621105046,1.79022499887432,-0.669663367096149,-0.198365899612156,0.74456675552272,1.45879465850211,-1.5762293873408
"Discovery_26",0.138080437260103,1.16660012725728,-0.665813890667639,-0.45709952515532,-1.24971940070332,0.389054100647996,0.774729185820695,-0.317361271852525,0.131580780349924,-0.72296207414066,-0.904935742355159,-2.02461165366131,-0.0688279939836223,-1.31832649971435,-0.639393975762143,-0.118299002454816,-0.839177869759316,-0.346220541920166,0.867006192294109,-0.217000203970446,0.397005461605064,-1.05228973463747,1.33907851152008,-1.18072899531167,0.312782674562774,-1.67597447467892,-1.48156075169539,-1.98372843561601,0.0261082797884905,-1.70908827602835,-1.85855348547586,-0.0374085050686629,1.05085445699971,-0.0190055072345805,-1.07308212948074,-0.477468577780962,-0.170657133557858,1.36765124860195,-1.55189953727432,-1.2390610659173,-0.193837091608936,1.75801487907525,-1.75417201797031,-0.726510076661192,1.13337559214026,-0.301738175701522,0.844145076742283,0.354530438580991,-0.940526534214907,-0.989963131050291,-1.93825026659294,0.102451383578647,-0.647827256354328,-0.318951909500273,0.0819061491971363,-0.300023805016127,-1.0080928122629,-0.510725477334695,-1.55132484736783,0.140091817849564,0.242547349502828,0.565139827946927,-1.15559325861193,-0.422494958055118,-0.51906212941785,0.209187113466032,-0.990463551763133,0.179195218231053,-0.635942565350631,-1.35288553779425,-0.154978158178108,-0.479249975162943,-2.33645310370411,-0.00300779449762052,0.686837479910925,-0.527455697243577,0.816731585727503,-1.05707220697239,-0.822323609602637,-0.630855673508986,0.105029530710012,1.77422934935974,-0.592355556236842,-0.994163595555441,0.249781831160533,0.429004362308106,0.637521522530294,-0.406865810598585,1.12782720221438,0.101237236970787,-1.02470765293683,-0.162692631599244,0.308132457255738,0.819895375409586,-0.593099762894098,-0.799207313694016,-0.52177542603647,0.407407721434584,0.110761153784649,-1.42077264126556,0.204012803664065,0.731001353930319,-1.29545418635334,-0.0637052505849252,-0.502672958421051,-0.646781910932827,0.615376354500471,-0.403156775070339,-1.16351818149228,0.187203181150719,-0.361945519529551,0.240168364233971,2.64926952698651,-1.10980037549142,0.358413928184677,1.85067824007527,2.70272835850489,0.296349381328021,-0.84435450010545,-0.352734918051908,-1.35385450938423,-0.801091430640012,-0.540498678010259,0.571337946199252,-1.73827165394564,0.672998966542365,-0.0507816304288154,0.032280171148574,0.0081568269727865,-1.07681793979096,-1.62619458056452,-0.0251093211757009,0.374210681817964,0.736716540604603,3.44146639841188,0.869984261781586,0.979166661860881,-1.45746835197716,1.50274448841149,0.172744449773695,1.23364442502689,1.50508591077464,1.13634239462594,0.510115433501162,-0.322663476180918,-1.15485933947615,-0.260444160102452,0.736373100963724,0.378881660275254,0.724835903499885
"Discovery_27",-1.62929194830218,-1.61557013032978,-0.931263016240194,-1.84959093068414,-1.60633064275768,-1.70769640705443,-0.562183198681671,-0.883756290333694,-1.37565118973167,0.0849313030043383,-0.539062476542688,-1.61379998069681,-1.84856648313225,0.257825517010171,-1.57376300240301,-2.18399458283505,-1.18306882355638,-1.20246152895526,-1.49816300558081,-1.61693284571663,-0.642375485860733,-0.324298785558557,1.12633141004571,-0.771352731664093,1.15258048626762,-1.25094654092255,0.120024638429165,-1.00131540495139,0.56552524029998,-0.351762025339922,-1.64045858041926,0.282657464714449,1.82721023907797,-0.105778994967585,0.0691041646298402,0.807299418314463,1.83804499421064,0.927765786459125,-1.2644978737684,0.346990224839357,-0.8896292340672,0.0944253074142409,-0.93436916570135,-1.15028999151842,0.775938914049258,1.28183655814012,0.0314076101270085,-0.155499807500235,0.0461846266930204,0.638788874423985,-0.282150764388718,0.78520559350592,-0.422956135800475,1.58834844430867,1.64712397253601,-0.45961531650781,-0.27812675063712,-0.480967554738892,-0.22833580176893,1.84212518225206,0.266554671152828,-0.0457970618383589,-2.15443660851347,-0.518059831910714,0.23034886565441,-0.495547972912025,0.687570126025097,-0.404844116756023,0.532444276606304,-0.818435066857675,0.726779448269068,0.164172921514959,-0.404363191503216,-0.656816282557991,-1.63895834247577,-0.617494391909539,-0.525536143763207,-0.0267594470938283,-0.546263151938547,-0.236256852836759,-0.746466369028442,0.0815804907114244,-0.925998571148199,-1.85249793359318,-0.645862743526258,-1.97560907723715,-2.08579892557595,-1.51105775079617,-0.237623287942912,-0.324204781052574,-1.20631439625936,-0.82003960881008,0.0111742451772205,-0.92708746799815,-0.807678487220848,-0.624834933617285,-1.17045290441554,0.0408659229831139,-0.809536605829955,-1.54566232534375,-0.190387296107023,-0.8237226076954,-1.02819364416207,0.000886037240426665,-0.443827820667521,0.316924450141861,-0.261224138924079,-0.348689320662806,0.269610023832202,-0.25267672430668,-0.337079218077979,1.06337530728933,-0.22031347530965,0.100535093028585,-1.92447368205952,-0.774554828135472,-0.659875708022043,1.29649975214856,0.0499478988636627,-0.484753752830231,0.299668072730826,0.317566754069266,0.279445256119191,-0.321368260358359,1.14673520625476,-0.656739567447013,1.27109087278867,-0.254499948930194,-1.13504538017537,-1.09655410374382,-0.316037428941232,-0.254590910001183,-0.278617212984986,0.568396495884277,-0.43132875772037,0.630610692318631,-0.593798736281154,0.0611967145398133,-0.031697266682435,0.459999462780658,-0.9779865804879,1.03650207582961,0.603496842590115,-0.891016615902396,0.111239020852387,0.369338237674218,-0.687418136590245,0.451185686153057,0.231182864823643,0.082133801965587
"Discovery_28",0.419561174077937,0.545057394757947,0.261563887234206,1.32696118860752,0.825869246326244,0.420673141991172,-0.335976392381952,-0.236400199669078,0.972023732052439,1.94075417878968,1.03640767507753,0.233566986147657,1.82441666342993,0.749910361663613,0.738894320782811,0.906613448054253,-0.10711744154414,0.00860531614531918,1.03176769792821,0.669104562951307,-0.110264185918666,-0.0371828556141031,-0.34956222248414,0.373557937084661,-1.58431099355247,0.346516125789273,0.512465232609964,0.891781912350237,0.320902311871543,0.506669124993169,0.243351308421773,-0.47288203773644,-2.0008362863891,1.7973543030476,0.902035082795861,0.472114840750341,-0.086772610836773,-0.394876204419392,0.758816096240962,0.279669697294846,-0.912751619728175,-0.866676123862657,1.28881989414962,0.162992180840367,-0.516409178320781,-0.295697848508991,-0.756322070322227,0.279153233835546,-0.177684768334542,-0.379265689466529,-0.202800631315525,1.12418035527039,1.1248769419697,-0.698676427856654,-0.369871510814526,-0.702672006042447,0.390834664900098,0.356683628202805,-0.657663011809444,0.366214320154614,-0.353663414929373,-0.467036714235496,-0.882020188316529,-0.241859808491229,-0.234813453813075,-0.319823195249845,0.123139243110945,0.0556286441929613,0.438191593517607,-0.391809262488499,-0.507376491582156,0.322633797137557,-1.12893718851315,-0.925790014171131,0.488239789609843,-0.937144851514786,-0.719317241417205,-0.747790905350669,1.11633951247926,-0.326328605900645,-0.618929344314285,-0.946277656275683,-0.927599584784484,-1.12003686677314,-0.818610067607957,-0.140384929393336,-0.821207740935159,-0.893342547906532,-0.996356785606537,-0.378943597484649,-0.541807671410713,-0.134676463497563,-1.4099135706527,-1.65668178507368,-0.741835453104446,-0.752540977115928,-1.65212028219366,0.849085760080886,-1.35926654980347,-0.2805560752868,-1.00906387284358,-0.155656567024552,-1.72384291488514,-0.209592003352914,1.01557763386891,-1.46455282817315,-0.132111819786645,-1.54991584215294,0.116466308041617,-1.03654500901122,-0.791149247965221,0.0605725945660861,0.60284653685768,1.28544646473681,1.27433486488968,-0.596330841777887,-0.300292182782513,0.2945939604563,0.839572395465089,-0.278539101981677,-1.10149307494832,-2.14058159214522,0.802256956807022,-0.0454283063872202,-0.0261806567578519,0.891607443592015,-2.50180719611099,0.887380508532665,0.544170170447687,1.03577313112116,-0.99358866414076,-0.660565068824278,-0.672544753781591,-0.275985164909174,-0.528704624381526,1.42270725675118,0.000677456597093524,-0.161013520095914,0.0387292434869363,-0.97916599147316,0.718037001712226,1.46699968460891,-0.28053824013361,-1.82209549735009,-2.3688067757261,1.05857436853317,-0.916919488358301,0.141953323329155,-0.790304953214649,-0.0939111637439156
"Discovery_29",-0.369461498298919,0.838825950001276,-0.228819436716133,0.530205065991668,-0.136042813843043,0.223183874686212,0.719411996813002,-0.675229449185378,-1.41398006737271,0.954540562431316,0.451629269940239,1.0078868374345,1.53980194460936,-0.0174992969305723,0.0885862225608396,0.793695031007588,0.563199653967021,0.352451416115524,0.646001405850755,0.0465269295455163,0.382906304854807,1.29565082705638,-1.32575780206878,2.21209033308581,-1.49651812494768,1.73545884729173,0.967182656903931,0.251169438180931,-2.17952236132111,0.809296802683144,-0.523116440675763,-0.885851192982477,-0.212407839216987,0.698047205119889,2.49748499560421,0.689450720769107,-0.773442523728442,-1.02436803281286,0.678235093861336,-0.0497907755404456,-0.51868799319977,-1.97071193039682,1.73628902707836,1.58223861317033,-0.700792556391095,2.54218368370884,0.251080250668534,1.13773219898376,1.15434422628099,1.13995698012168,1.52836482002291,0.0130959707789619,0.446707643728089,1.06016573359674,0.952021458130245,0.993558189922305,2.54015385350238,2.32018760999702,2.67409814626603,0.593858249385603,1.6141227697841,1.51376910092108,0.743932539901821,2.6095993805912,1.30455390583245,3.24104825590593,1.90095130395205,0.239960338317883,0.24316871547582,2.8567096725286,-0.00385658598124497,1.23351682759581,1.45792456731666,2.41604944482335,0.942964674333429,-2.09271869401708,-1.33457683270051,-2.27183031797691,-1.95386606261955,-2.27301973525314,-1.82087691695147,-0.617293662444001,-2.21583999961165,-1.50232202337314,-1.23789530154086,-1.91425906760722,-2.27349650539924,-2.32353326035835,-2.10135303554713,-2.63448679847455,-2.57673807974221,-2.25579068812881,-0.492696286348731,-1.37902745240741,-1.5679765605049,-1.21726849224395,-0.659262962698407,-1.40483884576774,-1.84389848141357,-0.687132341403275,-1.55997740676155,-1.53918345483425,-0.830927947328362,-2.37564850192629,-1.97911100751568,-3.21767314208675,-1.29342111365479,-0.775875856036109,-1.00446835059065,-1.27300924419099,-0.50648310462411,-0.379587591633089,-0.189699684733283,0.570758643645463,-1.58054459885172,-0.428617329700266,-1.32689600669329,1.62010578689766,-0.291808795266302,-0.262087773651505,-0.307909065749558,-0.175274345059555,0.154720205810708,-0.914198084171397,-0.289020611165246,0.394276271152379,0.104186807273899,-0.201832903614264,0.55369481503646,0.60417239554393,-0.152807852456511,1.20080874991379,-0.55307198733241,0.724237604245072,-0.919658773275637,0.0600116326726788,-0.702293649947697,-0.0366243329206854,-0.33952441667669,0.463188856383194,-0.813954828591183,0.477871266307386,-1.00497795444929,-1.11718340324735,-0.291826386827425,0.295593145255187,0.199113905473477,0.332642158346199,0.0530190416807779,-0.881813249749805
"Discovery_30",0.794688541172111,0.601579372203925,0.19593462343701,-0.0902534332886386,0.128367320981067,0.585430468324566,0.177089514284005,-0.381640746001236,1.05668034442827,0.359199129847068,0.64921962231437,0.36876810512598,0.0166059430646113,1.11339574507051,0.151380257335872,0.164076399473757,0.351340660571155,0.337418899981521,-0.463338152985847,0.359045368741269,1.26221183438707,0.71400165882681,-0.818977109318036,1.05143638007387,-0.371439039963449,0.798965032646687,0.808878614188923,1.21193939907075,-1.29617404049387,1.14395419721247,0.387642601086759,0.299499893109057,-0.463231303678365,0.858030200567628,0.90374029284442,-0.0668243408859614,-0.879422933971367,-1.49489637215215,1.78444431101786,-0.58109014834975,-1.31500358573334,-0.801366110322322,1.40165399973552,1.51964778753268,-1.62218530563874,2.26889560274067,1.03899823889933,1.53721879344546,1.3007597368567,2.33380417531505,1.67468639912457,2.13643343720369,1.29104127764721,2.94068082594382,1.82088284019615,-0.12114121707636,1.89948287603585,-0.0790285300492522,1.63993682649615,2.16831234616454,1.4317189692231,1.85228853289212,1.68377162218226,-0.710390899356667,2.02922453540444,1.69542204570042,2.59792247372126,2.79673102529807,1.31751487132003,2.15130474329943,1.42035602945975,1.14533663181966,1.18153870110183,2.08710335918357,1.69302391343291,-1.78809640783887,-0.840825762685719,-1.60953389615568,-1.24711658724201,-1.12422203149043,-1.44640814551645,-1.34314676424232,-0.846912271432409,-1.36266898890742,-2.0874316983725,-1.38753433843084,-1.20865521224231,-1.53428189156774,0.207383277896705,-0.974286857531577,-1.55555488552452,-1.44259565260632,-0.350648772182417,-1.34142474882768,-0.388109599419755,-0.144681384986912,-1.9454219601723,-1.30262780341687,-1.48243964739783,0.258691588973681,0.249700151625199,-0.400513687286409,-0.187229093552215,-0.700071843527239,-1.36654666321523,-1.06703277035914,-0.665762721494244,-0.872637797932597,-1.4817802558671,-1.46894428000425,-0.822862333015229,-1.34712947927995,0.429271171833432,0.531214554085993,1.00265133006214,0.745619915651541,-0.424743271683588,-0.845313576932123,0.367858137866241,1.05306552381483,0.0981791945879944,-0.638246861687776,0.501695579106717,1.70803130161026,0.0439277817078296,-1.2565479662923,-0.579415656737979,-0.271003420964111,-1.24283133341349,1.94547097935554,1.44685806855321,-0.0329569213326056,1.48786194486538,-1.14467188975135,0.64358048661458,0.96390770221537,0.34886021652391,-0.012071546406689,-1.74439882487368,-0.835892873360547,-0.128584527136268,-0.554295406999282,-0.136301934208187,0.551889572219339,-0.958108764560978,-0.32582565994775,-0.654136155666011,-1.58392346400891,0.58925106898601,1.65298739165576
